

INSERT INTO `addon_account` (name, label, shared) VALUES
	('society_cardealer','Fahrzeughändler',1)
;

INSERT INTO `addon_inventory` (name, label, shared) VALUES
	('society_cardealer','Fahrzeughändler',1)
;

INSERT INTO `jobs` (name, label) VALUES
	('cardealer','Fahrzeughändler')
;

INSERT INTO `job_grades` (job_name, grade, name, label, salary, skin_male, skin_female) VALUES
	('cardealer',0,'recruit','Rekrut',10,'{}','{}'),
	('cardealer',1,'novice','Anfänger',25,'{}','{}'),
	('cardealer',2,'experienced','Erfahren',40,'{}','{}'),
	('cardealer',3,'boss','Chef',0,'{}','{}')
;

CREATE TABLE `cardealer_vehicles` (
	`id` int(11) NOT NULL AUTO_INCREMENT,
	`vehicle` varchar(255) NOT NULL,
	`price` int(11) NOT NULL,

	PRIMARY KEY (`id`)
);

CREATE TABLE `vehicle_sold` (
	`client` VARCHAR(50) NOT NULL,
	`model` VARCHAR(50) NOT NULL,
	`plate` VARCHAR(50) NOT NULL,
	`soldby` VARCHAR(50) NOT NULL,
	`date` VARCHAR(50) NOT NULL,

	PRIMARY KEY (`plate`)
);

CREATE TABLE `owned_vehicles` (
	`owner` varchar(22) NOT NULL,
	`plate` varchar(12) NOT NULL,
	`vehicle` longtext,
	`type` VARCHAR(20) NOT NULL DEFAULT 'car',
	`job` VARCHAR(20) NULL DEFAULT NULL,
	`stored` TINYINT(1) NOT NULL DEFAULT '0',

	PRIMARY KEY (`plate`)
);

CREATE TABLE `rented_vehicles` (
	`vehicle` varchar(60) NOT NULL,
	`plate` varchar(12) NOT NULL,
	`player_name` varchar(255) NOT NULL,
	`base_price` int(11) NOT NULL,
	`rent_price` int(11) NOT NULL,
	`owner` varchar(22) NOT NULL,

	PRIMARY KEY (`plate`)
);

CREATE TABLE `vehicle_categories` (
	`name` varchar(60) NOT NULL,
	`label` varchar(60) NOT NULL,

	PRIMARY KEY (`name`)
);

INSERT INTO `vehicle_categories` (name, label) VALUES
	('compacts','Compacts'),
	('coupes','Coupés'),
	('sedans','Sedans')
;

CREATE TABLE `vehicles` (
	`name` varchar(60) NOT NULL,
	`model` varchar(60) NOT NULL,
	`price` int(11) NOT NULL,
	`category` varchar(60) DEFAULT NULL,

	PRIMARY KEY (`model`)
);

INSERT INTO `vehicles` (name, model, price, category) VALUES
	('Blista','blista',8000,'compacts'),
	('Brioso R/A','brioso',18000,'compacts'),
	('Issi','issi2',10000,'compacts'),
	('Panto','panto',10000,'compacts'),
	('Prairie','prairie',12000,'compacts'),
	('Asea','asea',5500,'sedans'),
	('Cognoscenti','cognoscenti',55000,'sedans'),
	('Emperor','emperor',8500,'sedans'),
	('Fugitive','fugitive',12000,'sedans'),
	('Glendale','glendale',6500,'sedans'),
	('Intruder','intruder',7500,'sedans'),
	('Premier','premier',8000,'sedans'),
	('Primo Custom','primo2',14000,'sedans'),
	('Regina','regina',5000,'sedans'),
	('Schafter','schafter2',25000,'sedans'),
	('Stretch','stretch',90000,'sedans'),
	('Super Diamond','superd',130000,'sedans'),
	('Tailgater','tailgater',30000,'sedans'),
	('Warrener','warrener',4000,'sedans'),
	('Washington','washington',9000,'sedans'),
	('Cognoscenti Cabrio','cogcabrio',55000,'coupes'),
	('Exemplar','exemplar',32000,'coupes'),
	('F620','f620',40000,'coupes'),
	('Felon','felon',42000,'coupes'),
	('Felon GT','felon2',55000,'coupes'),
	('Jackal','jackal',38000,'coupes'),
	('Oracle XS','oracle2',35000,'coupes'),
	('Sentinel','sentinel',32000,'coupes'),
	('Sentinel XS','sentinel2',40000,'coupes'),
	('Windsor','windsor',95000,'coupes'),
	('Windsor Drop','windsor2',125000,'coupes'),
	('Zion','zion',36000,'coupes'),
	('Zion Cabrio','zion2',45000,'coupes')
;